<modification>
	<name>CSV Price Pro import/export OC2 Top Admin Menu </name>
	<version>4.2.6.4</version>
	<code>csvprice_pro_top_admin_menu</code>
	<author>costas</author>
	<link>http://costaslabs.com</link>
	
	<file path="admin/controller/common/header.php">
		<operation error="skip">
			<search ><![CDATA[$data['logged'] = true;]]></search>
			<add position="before"><![CDATA[
		// CSV Price Pro import/export
		$this->language->load('csvprice_pro/app_header');
		$data['text_module_name'] = $this->language->get('text_module_name');
		$data['csvprice_pro_menu'] = array();

		$data['csvprice_pro_menu'][] = array(
			'url' => $this->url->link('csvprice_pro/app_general', 'token=' . $this->session->data['token'], true),
			'title' => $this->language->get('text_menu_general')
		);
		$data['csvprice_pro_menu'][] = array(
			'url' => $this->url->link('csvprice_pro/app_product', 'token=' . $this->session->data['token'], true),
			'title' => $this->language->get('text_menu_product')
		);
		$data['csvprice_pro_menu'][] = array(
			'url' => $this->url->link('csvprice_pro/app_category', 'token=' . $this->session->data['token'], true),
			'title' => $this->language->get('text_menu_category')
		);
		$data['csvprice_pro_menu'][] = array(
			'url' => $this->url->link('csvprice_pro/app_manufacturer', 'token=' . $this->session->data['token'], true),
			'title' => $this->language->get('text_menu_manufacturer')
		);
		$data['csvprice_pro_menu'][] = array(
			'url' => $this->url->link('csvprice_pro/app_customer', 'token=' . $this->session->data['token'], true),
			'title' => $this->language->get('text_menu_customer')
		);
		$data['csvprice_pro_menu'][] = array(
			'url' => $this->url->link('csvprice_pro/app_order', 'token=' . $this->session->data['token'], true),
			'title' => $this->language->get('text_menu_order')
		);
		$data['csvprice_pro_menu'][] = array(
			'url' => $this->url->link('csvprice_pro/app_crontab', 'token=' . $this->session->data['token'], true),
			'title' => $this->language->get('text_menu_crontab')
		);
		$data['csvprice_pro_menu'][] = array(
			'url' => $this->url->link('csvprice_pro/app_log', 'token=' . $this->session->data['token'], true),
			'title' => $this->language->get('text_menu_log')
		);
		$data['csvprice_pro_menu'][] = array(
			'url' => $this->url->link('csvprice_pro/app_about', 'token=' . $this->session->data['token'], true),
			'title' => $this->language->get('text_menu_about')
		);
			]]></add>
		</operation>
	</file>
	
	<file path="admin/view/template/common/header.tpl">
		<operation error="skip">
			<search><![CDATA[<ul class="nav pull-right">]]></search>
			<add position="after"><![CDATA[
	  <li class="dropdown"><a href="#" class="dropdown-toggle" data-toggle="dropdown"><img style="width: 24px" src="view/template/csvprice_pro/csprice_pro_logo_38x38.png" alt="CSV Price Pro import/export" title="CSV Price Pro import/export" id="csvprice_pro-menu" class="img-circle" /></a>
        <ul class="dropdown-menu dropdown-menu-right">
			<li class="dropdown-header"><?php echo $text_module_name; ?></li>
			<li role="separator" class="divider"></li>
			<?php foreach ($csvprice_pro_menu as $item) { ?>
				<li><a href="<?php echo $item['url'];?>"><?php echo $item['title'];?></a></li>
			<?php } ?>
        </ul>
      </li>]]></add>
		</operation>
	</file>
</modification>