<?xml version="1.0" encoding="utf-8"?>
<modification>
    <name>SEO CMS FIX J3 SHIT CODE</name>
    <version>1.1.1</version>
    <author>admin@opencartadmin.com</author>
    <id>seocms_fix_j3_shit_code</id>
    <code>seocms_fix_j3_shit_code</code>
    <link>http://opencartadmin.com</link>
    <file path="catalog/controller/journal3/layout.php" error="skip">
    <operation error="skip">
        <search><![CDATA[$grid = $this->renderGrid]]></search>
        <add position="before"><![CDATA[

				$agoo_modules = $this->model_design_layout->getLayoutModules($layout_id, $POSITION);
				foreach ($agoo_modules as $agoo_num => $agoo_module) {
					if ($agoo_module['code'] == 'blog' && $agoo_module['status'] == 1) {
						$data['rows'][$agoo_module['sort_order']]['columns'][1]['items'][1]['item']['id'] = 'blog';
                        $data['rows'][$agoo_module['sort_order']]['columns'][1]['items'][1]['item']['type'] = 'opencart';
                        $data['rows'][$agoo_module['sort_order']]['columns'][1]['items'][1]['classes'][0] = '';
                        $data['rows'][$agoo_module['sort_order']]['columns'][1]['classes'][0] = '';
                        $data['rows'][$agoo_module['sort_order']]['classes'][0] = '';
					}
				}

    ]]></add>
    </operation>
    </file>
</modification>