<?xml version="1.0" encoding="utf-8"?>
<modification>
	<name>layout type (e-mail: roma78sha@gmail.com)</name>
	<version>2.3.0.2</version>
	<author>Sha</author>
	<link>http://r.konotop.info</link>
	<code>layout_type</code>
		<file path="catalog/model/design/layout.php">
		<operation>		
				<search>
					<![CDATA[public function getLayout($route) {]]>
				</search>
				<add position="after">
					<![CDATA[
	    // < sha_layouts_type
        if($this->mobiledetectopencart->isMobile()) {
            // type 0-desktop, 1-mobile, 2-?
            $query = $this->db->query("SELECT * FROM " . DB_PREFIX . "layout_route_type WHERE '" . $this->db->escape($route) . "' LIKE route AND store_id = '" . (int)$this->config->get('config_store_id') . "' AND layout_type = '1' ORDER BY route DESC LIMIT 1");

            if ($query->num_rows) {
                return $query->row['layout_id'];
            }
        }
        // >
					]]>
				</add>
		</operation>		
		</file>
		<file path="admin/controller/design/layout.php">
		<operation>		
				<search>
					<![CDATA[$this->load->model('extension/extension');]]>
				</search>
				<add position="before">
					<![CDATA[
        // < sha_layouts_type
        $data['entry_type'] = $this->language->get('entry_type');
        $data['text_type_mobile'] = $this->language->get('text_type_mobile');

		if (isset($this->request->post['layout_type'])) {
			$data['layout_type'] = $this->request->post['layout_type'];
		} elseif (isset($this->request->get['layout_id'])) {
			$data['layout_type'] = $this->model_design_layout->getLayoutType($this->request->get['layout_id']);
		} else {
			$data['layout_type'] = 0;
		}
		// >
					]]>
				</add>
		</operation>		
	</file>
	<file path="admin/view/template/design/layout_form.tpl">
		<operation>		
				<search>
					<![CDATA[<table id="route" class="table table-striped table-bordered table-hover">]]>
				</search>
				<add position="before">
					<![CDATA[
            <div class="form-group">
              <label class="col-sm-2 control-label sha_octrade" for="input-type"><?php echo $entry_type; ?></label>
              <div class="col-sm-10">
                <select name="type" id="input-type" class="form-control">
                  <?php if ($layout_type) { ?>
                  <option value="0"></option>
                  <option value="1" selected="selected"><?php echo $text_type_mobile; ?></option>
                  <?php } else { ?>
                  <option value="0" selected="selected"></option>
                  <option value="1"><?php echo $text_type_mobile; ?></option>
                  <?php } ?>
                </select>
              </div>
            </div>
					]]>
				</add>
		</operation>		
	</file>
	<file path="admin/model/design/layout.php">
		<operation>		
				<search>
					<![CDATA[$layout_id = $this->db->getLastId();]]>
				</search>
				<add position="after">
					<![CDATA[
        // < sha_layouts_type
        if (isset($data['layout_route'])) {
            foreach ($data['layout_route'] as $layout_route) {
                $this->db->query("INSERT INTO " . DB_PREFIX . "layout_route_type SET layout_type = '" . (int)$data['type'] . "', layout_id = '" . (int)$layout_id . "', store_id = '" . (int)$layout_route['store_id'] . "', route = '" . $this->db->escape($layout_route['route']) . "'");
            }
        }
        // >
					]]>
				</add>
		</operation>
		<operation>		
				<search>
					<![CDATA[public function editLayout($layout_id, $data) {]]>
				</search>
				<add position="after">
					<![CDATA[
	    // < sha_layouts_type
        $this->db->query("DELETE FROM " . DB_PREFIX . "layout_route_type WHERE layout_id = '" . (int)$layout_id . "'");

        if (isset($data['layout_route'])) {
            foreach ($data['layout_route'] as $layout_route) {
                $this->db->query("INSERT INTO " . DB_PREFIX . "layout_route_type SET layout_type = '" . (int)$data['type'] . "', layout_id = '" . (int)$layout_id . "', store_id = '" . (int)$layout_route['store_id'] . "', route = '" . $this->db->escape($layout_route['route']) . "'");
            }
        }
        // >
					]]>
				</add>
		</operation>
		<operation>		
				<search>
					<![CDATA[public function deleteLayout($layout_id) {]]>
				</search>
				<add position="after">
					<![CDATA[
        // < sha_layouts_type
		$this->db->query("DELETE FROM " . DB_PREFIX . "layout_route_type WHERE layout_id = '" . (int)$layout_id . "'");
		// >
					]]>
				</add>
		</operation>
		<operation>		
				<search>
					<![CDATA[public function getLayoutModules($layout_id) {]]>
				</search>
				<add position="before">
					<![CDATA[    // < sha_layouts_type
    public function getLayoutType($layout_id) {
        $query = $this->db->query("SELECT * FROM " . DB_PREFIX . "layout_route_type WHERE layout_id = '" . (int)$layout_id . "'");

        return isset($query->row['layout_type']) ? $query->row['layout_type'] : 0;
    }
    // >
					]]>
				</add>
		</operation>
	</file>
	<file path="catalog/controller/startup/startup.php">
		<operation>		
				<search>
					<![CDATA[$this->registry->set('cart', new Cart\Cart($this->registry));]]>
				</search>
				<add position="after">
					<![CDATA[
		// < MobileDetectOpencart sha_layouts_type
		$this->registry->set('mobiledetectopencart', new mobileDetectOpencart());
		// >
					]]>
				</add>
		</operation>		
	</file>
	<file path="admin/language/*/design/layout.php">
		<operation>		
				<search>
					<![CDATA[<?php]]>
				</search>
				<add position="after">
					<![CDATA[
					// < sha_layouts_type
$_['entry_type'] = 'Type';
$_['text_type_mobile'] = 'Mobile';
				]]>
				</add>
		</operation>		
	</file>
</modification>